track_name,artist(s)_name,artist_count,released_year,released_month,released_day,in_spotify_playlists,in_spotify_charts,streams,in_apple_playlists
Seven (feat. Latto) (Explicit Ver.),"Latto, Jung Kook",2,2023,7,14,553,147,141381703,43
LALA,Myke Towers,1,2023,3,23,1474,48,133716286,48
vampire,Olivia Rodrigo,1,2023,6,30,1397,113,140003974,94
Cruel Summer,Taylor Swift,1,2019,8,23,7858,100,800840817,116
WHERE SHE GOES,Bad Bunny,1,2023,5,18,3133,50,303236322,84
Sprinter,"Dave, Central Cee",2,2023,6,1,2186,91,183706234,67
Ella Baila Sola,"Eslabon Armado, Peso Pluma",2,2023,3,16,3090,50,725980112,34
Columbia,Quevedo,1,2023,7,7,714,43,58149378,25
fukumean,Gunna,1,2023,5,15,1096,83,95217315,60
La Bebe - Remix,"Peso Pluma, Yng Lvcas",2,2023,3,17,2953,44,553634067,49
un x100to,"Bad Bunny, Grupo Frontera",2,2023,4,17,2876,40,505671438,41
Super Shy,NewJeans,1,2023,7,7,422,55,58255150,37
Flowers,Miley Cyrus,1,2023,1,12,12211,115,1316855716,300
Daylight,David Kushner,1,2023,4,14,3528,98,387570742,80
As It Was,Harry Styles,1,2022,3,31,23575,130,2513188493,403
Kill Bill,SZA,1,2022,12,8,8109,77,1163093654,183
Cupid - Twin Ver.,Fifty Fifty,1,2023,2,24,2942,77,496795686,91
"What Was I Made For? [From The Motion Picture ""Barbie""]",Billie Eilish,1,2023,7,13,873,104,30546883,80
Classy 101,"Feid, Young Miko",2,2023,3,31,2610,40,335222234,43
Like Crazy,Jimin,1,2023,3,24,596,68,363369738,8
LADY GAGA,"Gabito Ballesteros, Junior H, Peso Pluma",3,2023,6,22,332,26,86444842,11
I Can See You (Taylor���s Version) (From The ,Taylor Swift,1,2023,7,7,516,38,52135248,73
I Wanna Be Yours,Arctic Monkeys,1,2013,1,1,12859,110,1297026226,24
"Peso Pluma: Bzrp Music Sessions, Vol. 55","Bizarrap, Peso Pluma",2,2023,5,31,1313,40,200647221,17
Popular (with Playboi Carti & Madonna) - The Idol Vol. 1 (Music from the HBO Original Series),"The Weeknd, Madonna, Playboi Carti",3,2023,6,2,1945,87,115364561,74
SABOR FRESA,Fuerza Regida,1,2023,6,22,250,26,78300654,16
Calm Down (with Selena Gomez),"R��ma, Selena G",2,2022,3,25,7112,77,899183384,202
MOJABI GHOST,"Tainy, Bad Bunny",2,2023,6,29,859,40,61245289,35
Last Night,Morgan Wallen,1,2023,1,31,2420,19,429829812,52
Dance The Night (From Barbie The Album),Dua Lipa,1,2023,5,25,2988,101,127408954,0
Rush,Troye Sivan,1,2023,7,13,864,78,22581161,71
TULUM,"Peso Pluma, Grupo Frontera",2,2023,6,28,266,34,52294266,20
Creepin',"The Weeknd, 21 Savage, Metro Boomin",3,2022,12,2,6036,88,843957510,113
Anti-Hero,Taylor Swift,1,2022,10,21,9082,56,999748277,242
TQG,"Karol G, Shakira",2,2023,2,23,4284,49,618990393,115
Los del Espacio,"Big One, Duki, Lit Killah, Maria Becerra, FMK, Rusherking, Emilia, Tiago pzk",8,2023,6,1,1150,31,123122413,22
Fr��gil (feat. Grupo Front,"Yahritza Y Su Esencia, Grupo Frontera",2,2023,4,7,672,34,188933502,19
Blank Space,Taylor Swift,1,2014,1,1,11434,53,1355959075,154
Style,Taylor Swift,1,2014,1,1,7830,42,786181836,94
TQM,Fuerza Regida,1,2023,5,19,584,28,176553476,16
El Azul,"Junior H, Peso Pluma",2,2023,2,10,692,25,354495408,10
Sunflower - Spider-Man: Into the Spider-Verse,"Post Malone, Swae Lee",2,2018,10,9,24094,78,2808096550,372
I'm Good (Blue),"Bebe Rexha, David Guetta",2,2022,8,26,12482,80,1109433169,291
See You Again,"Tyler, The Creator, Kali Uchis",3,2017,7,21,13387,64,1047101291,77
Barbie World (with Aqua) [From Barbie The Album],"Nicki Minaj, Aqua, Ice Spice",3,2023,6,23,1117,80,65156199,82
Angels Like You,Miley Cyrus,1,2020,11,27,3372,19,570515054,65
I Ain't Worried,OneRepublic,1,2022,5,13,8431,76,1085685420,241
Die For You,The Weeknd,1,2016,11,24,2483,59,1647990401,68
Starboy,"The Weeknd, Daft Punk",2,2016,9,21,29536,79,2565529693,281
Die For You - Remix,"Ariana Grande, The Weeknd",2,2023,2,24,3408,47,518745108,87
El Cielo,"Feid, Myke Towers, Sky Rompiendo",3,2023,6,2,1298,38,107753850,44
Baby Don't Hurt Me,"David Guetta, Anne-Marie, Coi Leray",3,2023,4,6,4277,66,177740666,145
AMARGURA,Karol G,1,2023,2,24,1133,39,153372011,14
(It Goes Like) Nanana - Edit,Peggy Gou,1,2023,6,15,2259,59,57876440,0
Another Love,Tom Odell,1,2012,10,15,18371,83,1813673666,250
Blinding Lights,The Weeknd,1,2019,11,29,43899,69,3703895074,672
Moonlight,Kali Uchis,1,2023,2,24,2649,42,256483385,67
La Bachata,Manuel Turizo,1,2022,5,26,6804,45,1214083358,139
S91,Karol G,1,2023,7,14,525,41,16011326,34
cardigan,Taylor Swift,1,2020,7,24,7923,29,812019557,106
T��,"dennis, MC Kevin o Chris",2,2023,5,4,731,15,111947664,27
Boy's a liar Pt. 2,"PinkPantheress, Ice Spice",2,2023,2,3,5184,41,156338624,154
Left and Right (Feat. Jung Kook of BTS),"Charlie Puth, BTS, Jung Kook",3,2022,6,24,3107,39,720434240,38
BESO,"Rauw Alejandro, ROSAL�",2,2023,3,24,4053,50,357925728,82
Hey Mor,"Ozuna, Feid",2,2022,10,6,4637,38,674072710,63
Yellow,Chris Molitor,1,1999,1,1,31358,43,1755214421,196
Karma,Taylor Swift,1,2022,10,21,3818,23,404562836,37
People,Libianca,1,2022,12,2,3506,56,373199958,105
Overdrive,Post Malone,1,2023,7,14,410,36,14780425,36
Enchanted (Taylor's Version),Taylor Swift,1,2023,7,7,148,24,39578178,32
BABY HELLO,"Rauw Alejandro, Bizarrap",2,2023,6,23,1004,35,54266102,42
Heat Waves,Glass Animals,1,2020,6,28,22543,63,2557975762,386
golden hour,JVKE,1,2022,7,15,4511,36,751134527,70
Sweater Weather,The Neighbourhood,1,2012,5,14,16413,61,2282771485,166
"Quevedo: Bzrp Music Sessions, Vol. 52","Bizarrap, Quevedo",2,2022,7,6,8506,45,1356565093,94
Viva La Vida,Coldplay,1,2008,1,1,33898,62,1592909789,233
Here With Me,d4vd,1,2022,7,17,3246,23,635412045,94
Unholy (feat. Kim Petras),"Sam Smith, Kim Petras",2,2022,9,22,8576,42,1230675890,216
Yandel 150,"Yandel, Feid",2,2022,12,20,3618,38,585695368,47
CORAZ��N VA,Maria Becerra,1,2023,6,22,370,20,43857627,12
Riptide,Vance Joy,1,1975,1,1,31123,55,2009094673,300
Until I Found You (with Em Beihold) - Em Beihold Version,"Em Beihold, Stephen Sanchez",2,2022,4,22,2790,30,600976848,60
Novidade na ��,"Mc Livinho, DJ Matt D",2,2023,6,23,267,9,39709092,9
Back To December (Taylor's Version),Taylor Swift,1,2023,7,7,139,17,39228929,16
STAY (with Justin Bieber),"Justin Bieber, The Kid Laroi",2,2021,7,9,17050,36,2665343922,492
El Merengue,"Marshmello, Manuel Turizo",2,2023,3,3,2114,44,223633238,80
Someone You Loved,Lewis Capaldi,1,2018,11,8,17836,53,2887241814,440
Me Porto Bonito,"Chencho Corleone, Bad Bunny",2,2022,5,6,8870,43,1440757818,104
Makeba,Jain,1,2015,6,22,6060,53,165484133,150
MONTAGEM - FR PUNK,"Ayparia, unxbected",2,2012,6,20,641,50,58054811,1
Fast Car,Luke Combs,1,2023,3,24,1446,12,157058870,57
What It Is (Solo Version),Doechii,1,2023,3,17,804,25,95131998,29
Coco Chanel,"Bad Bunny, Eladio Carrion",2,2023,3,17,1962,38,250305248,28
Don���t Bl,Taylor Swift,1,2017,11,8,4875,23,685032533,19
Still With You,Jung Kook,1,2020,6,5,31,39,38411956,2
All My Life (feat. J. Cole),"J. Cole, Lil Durk",2,2023,5,12,2175,23,144565150,69
Say Yes To Heaven,Lana Del Rey,1,2023,3,17,2000,46,127567540,49
Snooze,SZA,1,2022,12,9,2839,25,399686758,58
Summertime Sadness,Lana Del Rey,1,2011,1,1,20333,52,983637508,89
Take Two,BTS,1,2023,6,9,674,47,118482347,20
Lover,Taylor Swift,1,2012,1,1,8448,23,882831184,160
Too Many Nights (feat. Don Toliver & with Future),"Future, Metro Boomin, Don Toliver",3,2022,12,2,2110,58,286400165,17
Chemical,Post Malone,1,2023,4,14,2528,39,172825906,56
Mockingbird,Eminem,1,2004,1,1,12985,61,1241559043,49
New Jeans,NewJeans,1,2023,7,7,77,35,29562220,8
Primera Cita,Carin Leon,1,2022,4,20,266,27,77309611,6
Cold Heart - PNAU Remix,"Dua Lipa, Elton John, Pnau",3,2017,11,10,21097,52,1605224506,384
Dandelions,Ruth B.,1,2017,4,28,3423,21,1116995633,41
Bones,Imagine Dragons,1,2021,3,11,4198,44,838079900,98
Set Fire to the Rain,Adele,1,2011,1,1,14739,43,1163620694,88
Money Trees,"Kendrick Lamar, Jay Rock",2,2012,1,1,26792,32,1093605526,69
Tak Segampang Itu,Anggi Marito,1,2022,12,2,213,6,179659294,7
LAGUNAS,"Jasiel Nu��ez, Peso P",2,2023,6,22,58,18,39058561,2
Mine (Taylor's Version),Taylor Swift,1,2023,7,7,99,15,36912123,21
Everybody Wants To Rule The World,Tears For Fears,1,1985,2,17,41751,25,1205951614,101
No Role Modelz,J. Cole,1,2014,12,9,21164,36,1791000570,80
Tattoo,Loreen,1,2023,2,25,2988,59,201660859,74
Rara Vez,"Taiu, Milo j",2,2023,2,8,893,38,248088961,19
VAGABUNDO,"Sebastian Yatra, Manuel Turizo, Be��",3,2023,5,12,1094,34,90839753,40
august,Taylor Swift,1,2020,7,24,7324,22,607123776,25
LUNA,"Junior H, Peso Pluma",2,2023,6,22,201,11,55842345,19
Miracle (with Ellie Goulding),"Calvin Harris, Ellie Goulding",2,2023,3,10,5120,48,211050784,161
Nonsense,Sabrina Carpenter,1,2022,7,15,2346,27,342897938,69
Que Vuelvas,"Carin Leon, Grupo Frontera",2,2022,12,9,763,26,2762,21
Por las Noches,Peso Pluma,1,2021,6,11,457,24,330346424,8
Feliz Cumplea��os Fe,Feid,1,2022,8,19,3430,38,601863821,45
Can't Hold Us (feat. Ray Dalton),"Ray Dalton, Ryan Lewis, Macklemore",3,2011,8,16,6074,52,1953533826,201
Watermelon Sugar,Harry Styles,1,2019,11,17,21915,34,2322580122,437
lovely - Bonus Track,"Billie Eilish, Khalid",2,2017,8,11,15032,30,2355719893,221
"Rauw Alejandro: Bzrp Music Sessions, Vol. 56","Rauw Alejandro, Bizarrap",2,2023,6,21,871,32,66902503,25
Queencard,(G)I-DLE,1,2023,5,15,451,33,96273746,10
OMG,NewJeans,1,2023,1,2,1783,27,430977451,26
Radio,Lana Del Rey,1,2011,1,1,9389,46,284819874,24
"Shakira: Bzrp Music Sessions, Vol. 53","Shakira, Bizarrap",2,2023,1,11,5724,44,721975598,119
505,Arctic Monkeys,1,2007,4,20,13985,25,1217120710,30
"Calling (Spider-Man: Across the Spider-Verse) (Metro Boomin & Swae Lee, NAV, feat. A Boogie Wit da Hoodie)","Swae Lee, A Boogie Wit da Hoodie, Metro Boomin, NAV",4,2023,6,2,1051,16,109276132,31
Trance (with Travis Scott & Young Thug),"Travis Scott, Young Thug, Metro Boomin",3,2022,12,2,1682,46,276259178,24
"Tere Vaaste (From ""Zara Hatke Zara Bachke"")","Sachin-Jigar, Shadab Faridi, Altamash Faridi, Amitabh Bhattacharya, Varun Jain",5,2023,5,22,182,8,54225632,3
Perfect,Ed Sheeran,1,2017,1,1,16596,13,2559529074,7
Romantic Homicide,d4vd,1,2022,7,20,2335,23,681583126,82
Believer,Imagine Dragons,1,2017,1,31,18986,23,2594040133,250
Novo Balan�,"Veigh, Bvga Beatz, Supernova Ent, Prod Malax",4,2023,5,19,283,7,81102253,6
"Gol Bolinha, Gol Quadrado 2","Mc Pedrinho, DJ 900",2,2023,6,1,293,8,11956641,5
Without Me,Eminem,1,2002,1,1,21081,43,1687664027,98
QUEMA,"Sog, Ryan Castro, Peso Pluma",3,2023,7,13,437,31,11599388,17
Stargirl Interlude,"The Weeknd, Lana Del Rey",2,2016,11,24,1275,32,611700552,13
Ojitos Lindos,"Bomba Est��reo, Bad B",2,2022,5,6,6135,38,1133865788,71
Somewhere Only We Know,Keane,1,2004,1,1,20015,16,1089402494,107
Those Eyes,New West,1,2019,5,10,1507,14,411747614,24
El Gordo Trae El Mando,Chino Pacas,1,2023,1,27,539,21,255932395,7
Mi Bello Angel,Natanael Cano,1,2023,6,30,86,8,31873544,7
Bye,Peso Pluma,1,2023,5,26,324,14,95053634,13
Danza Kuduro,"Don Omar, Lucenzo",2,2010,1,1,17138,37,1279434863,119
Nosso Quadro,"Ana Castela, AgroPlay",2,2023,2,2,894,9,233801632,14
Locked Out Of Heaven,Bruno Mars,1,2012,12,5,1622,9,1481349984,0
Un Finde | CROSSOVER #2,"Big One, FMK, Ke personajes",3,2023,4,4,561,14,142095275,4
Jimmy Cooks (feat. 21 Savage),"Drake, 21 Savage",2,2022,6,17,5871,27,618885532,81
Counting Stars,OneRepublic,1,2013,1,1,29215,43,2011464183,179
Ghost,Justin Bieber,1,2021,3,19,5866,24,1167330737,107
Under The Influence,Chris Brown,1,2019,10,4,3859,26,929964809,133
PRC,"Natanael Cano, Peso Pluma",2,2023,1,23,961,26,436027885,19
Gasolina,Daddy Yankee,1,2004,7,13,6457,18,657723613,98
One Dance,"Drake, WizKid, Kyla",3,2016,4,4,43257,24,2713922350,433
Enchanted,Taylor Swift,1,2010,1,1,4564,16,621660989,24
Save Your Tears,The Weeknd,1,2020,3,20,12688,13,1591223784,197
Sure Thing,Miguel,1,2010,5,25,13801,19,950906471,137
Every Breath You Take - Remastered 2003,The Police,1,1983,1,6,22439,19,1593270737,211
The Night We Met,Lord Huron,1,2015,2,2,18515,35,1410088830,70
We Found Love,"Rihanna, Calvin Harris",2,2011,1,1,36843,21,1235005533,321
When I Was Your Man,Bruno Mars,1,2012,12,5,2420,11,1661187319,0
Let Me Down Slowly,Alec Benjamin,1,2018,5,25,5897,19,1374581173,0
"Am I Dreaming (Metro Boomin & A$AP Rocky, Roisee)","A$AP Rocky, Metro Boomin, Roisee",3,2023,6,2,727,16,94186466,17
Do I Wanna Know?,Arctic Monkeys,1,2013,1,1,33783,26,1788326445,133
Demons,Imagine Dragons,1,2012,1,1,26694,13,1840364617,65
������������,YOASOBI,1,2023,4,12,356,16,143573775,35
Reminder,The Weeknd,1,2016,11,25,6518,17,684675814,45
Shake It Off,Taylor Swift,1,2014,1,1,21335,13,1113838873,328
Why'd You Only Call Me When You're High?,Arctic Monkeys,1,2013,1,1,23389,29,1267333350,54
SNAP,Rosa Linn,1,2022,3,19,3202,18,726307468,148
Shape of You,Ed Sheeran,1,2017,1,6,32181,10,3562543890,33
Night Changes,One Direction,1,2014,11,17,7124,18,1131090940,60
Fin de Semana,"Oscar Maydon, Junior H",2,2023,1,13,592,14,307370144,11
Creep,Radiohead,1,1992,9,21,36724,7,1271293243,146
Car's Outside,James Arthur,1,2019,10,18,794,10,265882712,38
Apocalypse,Cigarettes After Sex,1,2017,3,21,13091,17,841749534,61
Cheques,Shubh,1,2023,5,19,67,8,47956378,7
Pink + White,Frank Ocean,1,2016,8,20,21574,30,806397070,112
Circles,Post Malone,1,2019,8,30,19664,16,2132335812,391
Just The Way You Are,Bruno Mars,1,2010,1,1,21106,13,1641426668,82
Take Me To Church,Hozier,1,2013,9,13,23804,31,2135158446,187
Bebe Dame,"Fuerza Regida, Grupo Frontera",2,2022,12,16,849,22,367316268,27
You Belong With Me (Taylor���s Ve,Taylor Swift,1,2021,4,9,2619,12,350381515,47
Titi Me Pregunt�,Bad Bunny,1,2022,5,6,9037,42,1264310836,124
Better Than Revenge (Taylor's Version),Taylor Swift,1,2023,7,7,86,11,30343206,3
Shut up My Moms Calling,Hotel Ugly,1,2020,2,10,1788,14,405136812,1
Have You Ever Seen The Rain?,Creedence Clearwater Revival,1,1968,7,1,15890,14,1145727611,71
Es un Secreto,Plan B,1,2010,7,20,492,36,540654286,4
POLARIS - Remix,"Feid, Mora, Saiko, Quevedo",4,2023,6,8,773,33,57312735,20
Ditto,NewJeans,1,2022,12,19,1154,22,397582059,28
Take On Me,a-ha,1,1984,10,19,44927,17,1479115056,34
"Annihilate (Spider-Man: Across the Spider-Verse) (Metro Boomin & Swae Lee, Lil Wayne, Offset)","Swae Lee, Lil Wayne, Offset, Metro Boomin",4,2023,6,2,551,4,86773632,13
"Angel Pt 1 (feat. Jimin of BTS, JVKE & Muni Long)","Kodak Black, NLE Choppa, Muni Long, JVKE, Jimin",5,2023,5,1,577,14,133753727,22
Acr��s,Shakira,1,2023,5,11,955,29,123124076,37
AMG,"Natanael Cano, Gabito Ballesteros, Peso Pluma",3,2022,11,24,995,19,463564958,12
"Phir Aur Kya Chahiye (From ""Zara Hatke Zara Bachke"")","Arijit Singh, Sachin-Jigar, Amitabha Bhattacharya",3,2023,5,15,178,6,64533040,6
S-Class,Stray Kids,1,2023,6,2,290,19,65496046,9
Hits Different,Taylor Swift,1,2023,5,26,547,0,68616963,15
Chanel,"Becky G, Peso Pluma",2,2023,3,30,681,10,161460990,15
Self Love (Spider-Man: Across the Spider-Verse) (Metro Boomin & Coi Leray),"Metro Boomin, Coi Leray",2,2023,6,2,332,5,70106975,18
Area Codes,"Kaliii, Kaliii",2,2023,3,17,1197,13,113509496,44
Abcdario,"Junior H, Eden Mu��",2,2023,5,13,262,5,89933133,8
Obsessed,"Abhijay Sharma, Riar Saab",2,2022,9,29,161,6,71007139,10
Pi��man De�,"Semicenk, Do��u ",2,2023,6,2,185,3,43522589,5
FLOWER,JISOO,1,2023,3,31,839,18,232896922,20
"All The Way Live (Spider-Man: Across the Spider-Verse) (Metro Boomin & Future, Lil Uzi Vert)","Future, Lil Uzi Vert, Metro Boomin",3,2023,6,2,259,0,37126685,5
Eyes Closed,Ed Sheeran,1,2023,3,23,2915,30,195576623,116
Escapism.,"RAYE, 070 Shake",2,2022,10,12,5129,25,532336353,116
La Jumpa,"Arcangel, Bad Bunny",2,2022,11,30,3794,34,538115192,47
Karma (feat. Ice Spice),"Taylor Swift, Ice Spice",2,2023,5,26,588,0,46142772,23
Superhero (Heroes & Villains) [with Future & Chris Brown],"Future, Chris Brown, Metro Boomin",3,2022,12,2,2959,16,401036314,41
Las Morras,"BLESSD, Peso Pluma",2,2023,4,4,291,8,127026613,8
CHORRITO PA LAS ANIMAS,Feid,1,2022,12,2,2321,36,345031710,29
Ch y la Pizza,"Fuerza Regida, Natanael Cano",2,2022,12,1,536,10,288101651,10
Snow On The Beach (feat. More Lana Del Rey),"Lana Del Rey, Taylor Swift",2,2023,5,26,359,2,60350538,1
Players,Coi Leray,1,2022,11,30,4096,6,335074782,118
Bite Me,ENHYPEN,1,2023,5,22,349,69,76767396,8
Stand By Me (feat. Morgan Wallen),"Lil Durk, Morgan Wallen",2,2023,5,26,381,5,46065667,23
Normal,Feid,1,2022,7,8,2461,36,459276435,47
Hummingbird (Metro Boomin & James Blake),"James Blake, Metro Boomin",2,2023,6,2,277,1,39666245,1
Seu Brilho Sumiu - Ao Vivo,"Israel & Rodolffo, Mari Fernandez",2,2023,3,1,967,5,138517666,7
Bad Habit,Steve Lacy,1,2022,6,29,8186,12,822633917,155
CUFF IT,Beyonc�,1,2022,7,29,7842,10,595900742,215
Lilith (feat. SUGA of BTS) (Diablo IV Anthem),"Halsey, Suga",2,2023,6,5,215,6,51985779,6
69,"Nicky Jam, Feid",2,2023,5,18,1134,22,57945987,39
Ni��a Bo,"Sean Paul, Feid",2,2023,4,21,1305,34,115010040,29
Search & Rescue,Drake,1,2023,4,7,2066,6,175097833,58
AMERICA HAS A PROBLEM (feat. Kendrick Lamar),"Kendrick Lamar, Beyonc�",2,2023,5,19,896,0,57089066,34
Lavender Haze,Taylor Swift,1,2022,10,21,3763,8,488386797,51
"Link Up (Metro Boomin & Don Toliver, Wizkid feat. BEAM & Toian) - Spider-Verse Remix (Spider-Man: Across the Spider-Verse )","WizKid, Toian, Metro Boomin, Don Toliver, Beam",5,2023,6,2,197,0,32761689,3
Efecto,Bad Bunny,1,2022,5,6,4004,33,1047480053,34
Erro Gostoso - Ao Vivo,Simone Mendes,1,2023,1,27,984,5,153454328,8
Cupido,Tini,1,2023,2,14,1240,24,217672943,51
Just Wanna Rock,Lil Uzi Vert,1,2022,10,17,3995,13,457184829,72
Unstoppable,Sia,1,2016,1,21,7681,13,939844851,119
Until I Found You,Stephen Sanchez,1,2021,9,1,4427,4,726434358,69
Rich Flex,"Drake, 21 Savage",2,2022,11,4,4657,18,573633020,84
Easy On Me,Adele,1,2021,10,14,10195,20,1406111294,258
Cart��o B,"MC Caverinha, KayBlack",2,2023,5,11,269,4,71573339,7
Danger (Spider) (Offset & JID),"Offset, JID",2,2023,6,2,214,0,24975653,3
Oi Balde - Ao Vivo,Z�� Neto & Crist,1,2023,2,14,845,2,145458418,12
The Real Slim Shady,Eminem,1,2000,1,1,20763,27,1424589568,81
MERCHO,"Migrantes, LiL CaKe, Nico Valdi",3,2022,12,16,1267,20,231332117,41
The Color Violet,Tory Lanez,1,2021,12,10,2585,32,415932686,3
Glimpse of Us,Joji,1,2022,6,10,6330,6,988515741,109
Mejor Que Yo,"Mambo Kingz, DJ Luian, Anuel Aa",3,2023,5,4,675,1,50847624,9
Curtains,Ed Sheeran,1,2023,5,5,715,0,39893489,37
UNFORGIVEN (feat. Nile Rodgers),"Nile Rodgers, LE SSERAFIM",2,2023,5,1,327,13,92035115,14
Haegeum,Agust D,1,2023,4,21,244,12,118810253,6
Conex��es de M��fia (feat. Rich ,"Rich The Kid, Matu�",2,2023,4,30,385,4,77233241,17
MIENTRAS ME CURO DEL CORA,Karol G,1,2023,2,24,1020,35,206399629,15
Never Felt So Alone,Labrinth,1,2023,4,7,1730,3,117747907,46
X SI VOLVEMOS,"Karol G, Romeo Santos",2,2023,2,2,2127,33,266624541,45
ceilings,Lizzy McAlpine,1,2022,4,8,3242,9,293186992,67
Cupid,Fifty Fifty,1,2023,2,24,526,10,139681964,15
I AM,IVE,1,2023,4,10,366,15,123132751,16
Cupid ��� Twin Ver. (FIFTY FIFTY) ��� Spe,sped up 8282,1,1997,1,1,472,2,103762518,0
Shorty Party,"Cartel De Santa, La Kelly",2,2023,3,4,432,12,162887075,8
Super,SEVENTEEN,1,2023,4,24,271,12,91221625,16
Slut Me Out,NLE Choppa,1,2022,4,22,816,4,190490915,21
Double Fantasy (with Future),"The Weeknd, Future",2,2023,4,21,1169,0,96180277,36
All Of The Girls You Loved Before,Taylor Swift,1,2019,8,23,1282,6,185240616,26
PROVENZA,Karol G,1,2022,4,21,6587,34,885093467,114
Princess Diana (with Nicki Minaj),"Nicki Minaj, Ice Spice",2,2023,4,14,1444,4,104992946,0
Di Que Si,"Grupo Marca Registrada, Grupo Frontera",2,2023,2,3,356,10,147290338,4
Shivers,Ed Sheeran,1,2021,9,9,10147,30,1302184087,234
Igualito a Mi Ap�,"Fuerza Regida, Peso Pluma",2,2022,12,30,265,6,158950978,8
Shoong! (feat. LISA of BLACKPINK),"TAEYANG, Lisa",2,2023,4,25,351,9,76910644,16
Komang,Raim Laode,1,2022,8,16,158,4,137123880,5
DESPECH�,ROSAL�,1,2022,7,28,7613,33,782369383,180
Made You Look,Meghan Trainor,1,2022,10,21,3956,6,502574952,142
Watch This - ARIZONATEARS Pluggnb Remix,"sped up nightcore, ARIZONATEARS, Lil Uzi Vert",3,2023,2,5,1638,10,207033255,0
No Se Va,Grupo Frontera,1,2022,4,28,924,18,404887295,17
Punto G,Quevedo,1,2022,11,4,1985,35,381161027,34
Lovers Rock,TV Girl,1,2014,6,5,6339,13,466231982,3
METAMORPHOSIS,INTERWORLD,1,2021,11,25,1561,24,357580552,18
Mami Chula,"Quevedo, Jhayco",2,2023,4,27,875,4,61105704,17
En Paris,"El Chachito, Junior H",2,2022,12,24,406,5,198275403,3
Set Me Free Pt.2,Jimin,1,2023,3,17,340,13,168448603,4
I Was Never There,"The Weeknd, Gesaffelstein",2,2018,3,29,4188,15,705469769,30
Don't ever say love me (feat. RM of BTS),"RM, Colde",2,2023,5,4,105,0,34502215,5
Shut Down,BLACKPINK,1,2022,9,16,1524,17,482175240,53
Gato de Noche,"Nengo Flow, Bad Bunny",2,2022,12,22,2651,30,304118600,21
Call Out My Name,The Weeknd,1,2018,3,29,11087,6,1449799467,151
Like Crazy (English Version),Jimin,1,2023,3,24,373,19,173627354,4
Rosa Pastel,"Jasiel Nu��ez, Peso P",2,2023,2,2,200,4,90025258,8
Sunroof,"Nicky Youre, Dazy",2,2021,12,3,3741,17,652704649,156
Lose Yourself - Soundtrack Version,Eminem,1,2002,1,1,32502,21,1829992958,247
Superman,"Eminem, Dina Rae",2,2002,5,26,7615,14,655466831,18
Mas Rica Que Ayer,"Mambo Kingz, DJ Luian, Anuel Aa",3,2023,3,2,1208,34,146409671,10
People Pt.2 (feat. IU),"IU, Agust D",2,2023,4,7,209,4,95816024,4
REMIX EXCLUSIVO,Feid,1,2023,3,17,1235,9,117206995,20
"Arc��ngel: Bzrp Music Sessions, Vol","Arcangel, Bizarrap",2,2023,3,22,654,3,100409613,11
DOGTOOTH,"Tyler, The Creator",2,2023,3,27,1479,0,80758350,23
10:35,"Ti��sto, Tate M",2,2022,11,1,4942,26,325592432,190
SORRY NOT SORRY,"Tyler, The Creator",2,2023,3,31,709,0,58473276,8
HAPPY,NF,1,2023,3,25,660,0,52722996,22
La Bebe,Yng Lvcas,1,2021,12,24,489,17,191945597,4
I Know - PR1SVX Edit,"Kanii, PR1ISVX",2,2023,3,24,407,0,77377503,16
Late Night Talking,Harry Styles,1,2022,5,20,7461,8,743693613,166
Le�,Mar��lia Mendo,1,2022,12,9,993,4,267789608,30
Save Your Tears (with Ariana Grande) (Remix),"Ariana Grande, The Weeknd",2,2020,3,20,9161,5,1221813483,240
Something in the Orange,Zach Bryan,1,2022,4,22,3282,12,449701773,67
VOID,Melanie Martinez,1,2023,3,29,596,0,67070410,29
Dijeron Que No La Iba Lograr,"Fuerza Regida, Chino Pacas",2,2023,3,14,320,6,116334601,5
Midnight Rain,Taylor Swift,1,2022,10,21,2612,4,433356509,19
If We Ever Broke Up,Mae Stephens,1,2023,2,10,2040,4,165584767,81
You Proof,Morgan Wallen,1,2022,5,13,2128,9,367814306,37
LA INOCENTE,"Feid, Mora",2,2022,4,1,2598,37,477033549,28
Malas Decisiones,Kenia OS,1,2022,10,26,542,2,156214700,23
Murder In My Mind,Kordhell,1,2022,1,21,2459,20,448843705,20
Gangsta's Paradise,"Coolio, L.V.",2,1995,7,11,10624,17,1357608774,21
CAIRO,"Karol G, Ovy On The Drums",2,2022,11,13,2418,26,294352144,52
I Love You So,The Walters,1,2014,11,28,7536,7,972164968,44
Dark Red,Steve Lacy,1,2017,2,20,10431,7,920045682,71
Say You Won't Let Go,James Arthur,1,2016,9,9,15722,16,2420461338,231
The Hills,The Weeknd,1,2015,5,27,25744,4,1947371785,122
Heart To Heart,Mac DeMarco,1,2019,5,10,1640,0,244658767,27
Peaches (from The Super Mario Bros. Movie),Jack Black,1,2023,4,7,34,0,68216992,0
Marisola - Remix,"Duki, NICKI NICOLE, Cris Mj, Standly, Stars Music Chile",5,2022,12,15,1845,16,223582566,20
LOKERA,"Brray, Rauw Alejandro, Lyanno",3,2022,7,25,3301,30,471819764,72
Low,SZA,1,2022,12,9,1911,0,272377463,23
Numb,Linkin Park,1,2003,3,24,20111,5,1361425037,39
Tormenta (feat. Bad Bunny),"Gorillaz, Bad Bunny",2,2023,2,24,1529,0,149778242,32
on the street (with J. Cole),"j-hope, J. Cole",2,2023,3,3,615,2,116599790,22
One Thing At A Time,Morgan Wallen,1,2022,12,2,811,4,148469433,11
Miss You,"Robin Schulz, Oliver Tree",2,2022,8,5,5730,10,497225336,108
Ain���t Tha,Morgan Wallen,1,2023,3,3,356,4,88791109,4
Thinkin��� B,Morgan Wallen,1,2023,3,3,604,6,125917280,22
Private Landing (feat. Justin Bieber & Future),"Don Toliver, Future, Justin Bieber",3,2023,2,23,1190,0,105062254,29
Everything I Love,Morgan Wallen,1,2023,1,31,579,0,95623148,11
Heaven,Niall Horan,1,2023,2,17,1553,2,144584800,61
LET GO,Central Cee,1,2022,12,15,2301,20,298063749,49
Sial,Mahalini,1,2023,1,23,134,4,166570053,4
I Wrote The Book,Morgan Wallen,1,2023,1,31,430,0,83021468,15
"Apna Bana Le (From ""Bhediya"")","Arijit Singh, Sachin-Jigar",2,2022,11,5,86,0,139836056,11
SPIT IN MY FACE!,ThxSoMch,1,2022,10,31,629,14,303216294,32
PLAYA DEL INGL�,"Myke Towers, Quevedo",2,2022,12,15,1701,15,221409663,30
Man Made A Bar (feat. Eric Church),"Morgan Wallen, Eric Church",2,2023,3,3,329,0,58890931,14
Red Ruby Da Sleeze,Nicki Minaj,1,2023,3,3,1168,0,81419389,45
Kahani Suno 2.0,Kaifi Khalil,1,2022,5,31,162,6,156777415,1
Nobody Gets Me,SZA,1,2022,12,9,2536,6,284908316,59
PERO T�,"Karol G, Quevedo",2,2023,2,23,387,11,93438910,11
Hype Boy,NewJeans,1,2022,8,1,892,17,363472647,20
Bloody Mary,Lady Gaga,1,2011,1,1,3909,0,372476382,66
Monoton�,"Ozuna, Shakira",2,2022,10,19,3645,15,380726517,118
���98 Braves,Morgan Wallen,1,2023,3,3,282,0,56533272,6
WANDA,Quevedo,1,2023,1,20,888,22,175399345,11
Thought You Should Know,Morgan Wallen,1,2022,5,6,968,4,203221468,16
In The End,Linkin Park,1,2000,10,24,25065,6,1624165576,63
Zona De Perigo,Leo Santana,1,2022,12,8,531,4,134294498,20
Lovezinho,Treyce,1,2022,7,28,242,0,70069745,12
I Like You (A Happier Song) (with Doja Cat),"Post Malone, Doja Cat",2,2022,6,3,5281,14,609293408,94
Neverita,Bad Bunny,1,2022,5,6,2590,30,671365962,20
Vista Al Mar,Quevedo,1,2022,9,8,1769,34,362361576,16
Sem Alian��a no ,"MC Xenon, Os Gemeos da Putaria",2,2022,12,23,454,4,93587665,6
Enemy (with JID) - from the series Arcane League of Legends,"Imagine Dragons, League of Legends, JID, Arcane",4,2021,9,3,6180,7,1223481149,122
Revenge,XXXTENTACION,1,2017,8,25,3600,11,1022258230,7
Bombonzinho - Ao Vivo,"Israel & Rodolffo, Ana Castela",2,2022,11,3,1254,6,263453310,26
LA CANCI�,"J Balvin, Bad Bunny",2,2019,6,28,6398,31,1435127549,177
Qu�� Ago,"Yuridia, Angela Aguilar",2,2022,10,20,660,15,236857112,19
Love Again,The Kid Laroi,1,2023,1,27,1283,0,147538971,57
After Hours,The Weeknd,1,2020,2,19,8084,6,698086140,45
About Damn Time,Lizzo,1,2022,7,15,2332,2,723894473,0
Born With A Beer In My Hand,Morgan Wallen,1,2023,3,3,203,0,34450974,5
���������������������,Fujii Kaze,1,2020,5,20,685,14,403097450,24
Besos Moja2,"Wisin & Yandel, ROSAL�",2,2022,9,29,2460,13,309483971,53
Maan Meri Jaan,King,1,2022,10,12,288,6,319566866,11
Moscow Mule,Bad Bunny,1,2022,5,6,4572,33,909001996,74
My Universe,"Coldplay, BTS",2,2021,9,24,6127,13,1061966512,0
Devil Don���,Morgan Wallen,1,2023,3,3,166,0,32526947,2
LLYLM,ROSAL�,1,2023,1,27,1838,0,124988687,105
I'm Not Here To Make Friends,"Sam Smith, Calvin Harris, Jessie Reyez",3,2023,1,27,1890,0,103787664,86
TRUSTFALL,P!nk,1,2023,1,27,2098,16,134255790,88
ANTIFRAGILE,LE SSERAFIM,1,2022,10,17,761,12,301051721,23
Boy's a liar,PinkPantheress,1,2022,11,30,1225,0,156338624,27
VIBE (feat. Jimin of BTS),"TAEYANG, Jimin",2,2023,1,13,415,2,152850295,15
Shirt,SZA,1,2022,10,28,3469,0,309653982,71
Lift Me Up - From Black Panther: Wakanda Forever - Music From and Inspired By,Rihanna,1,2022,10,28,3311,0,297328960,129
STAR WALKIN' (League of Legends Worlds Anthem),Lil Nas X,1,2022,9,22,2616,0,332506354,113
"Sex, Drugs, Etc.",Beach Weather,1,2016,11,4,3006,16,480507035,47
Boy With Luv (feat. Halsey),"Halsey, BTS",2,2019,4,12,4260,0,1065580332,113
"Hey, Mickey!",Baby Tate,1,2016,9,27,482,0,122763672,9
Calm Down,R��,1,2022,2,9,4013,10,445763624,107
Jhoome Jo Pathaan,"Arijit Singh, Vishal Dadlani, Sukriti Kakar, Vishal-Shekhar, Shekhar Ravjiani, Kumaar",6,2022,12,22,138,4,1365184,13
Escapism. - Sped Up,"RAYE, 070 Shake",2,2022,11,25,1368,0,184308753,12
Space Song,Beach House,1,2015,1,1,17852,4,789753877,69
Dreamers [Music from the FIFA World Cup Qatar 2022 Official Soundtrack],"BTS, Jung Kook, FIFA Sound",3,2022,11,20,889,20,323358833,11
Te Felicito,"Shakira, Rauw Alejandro",2,2022,4,21,4796,9,606361689,124
Mu��,"Steve Aoki, Tini, La Joaqui",3,2023,1,12,658,6,120972253,33
TV,Billie Eilish,1,2022,7,21,3009,2,338564981,68
I'm Not The Only One,Sam Smith,1,2014,1,1,17492,3,1606986953,136
Heather,Conan Gray,1,2020,3,20,6170,7,1301799902,82
"Besharam Rang (From ""Pathaan"")","Vishal-Shekhar, Shilpa Rao, Caralisa Monteiro, Kumaar, Vishal Dadlani, Shekhar Ravjiani",6,2022,12,12,130,4,140187018,21
One Kiss (with Dua Lipa),"Calvin Harris, Dua Lipa",2,2017,6,2,27705,10,1897517891,537
Sugar Rush Ride,TOMORROW X TOGETHER,1,2023,1,27,359,0,107642809,12
Pink Venom,BLACKPINK,1,2022,8,19,1963,16,551305895,57
WAIT FOR U (feat. Drake & Tems),"Drake, Future, Tems",3,2022,4,27,5491,14,556585270,128
Don't Start Now,Dua Lipa,1,2019,10,31,27119,0,2303033973,532
After Dark,Mr.Kitty,1,2014,8,8,1776,14,646886885,1
Eu Gosto Assim - Ao Vivo,"Gustavo Mioto, Mari Fernandez",2,2022,9,16,1473,4,222612678,27
INDUSTRY BABY (feat. Jack Harlow),"Jack Harlow, Lil Nas X",2,2021,7,23,13315,0,1814349763,300
MIDDLE OF THE NIGHT,Elley Duh�,1,2020,1,10,4057,8,872137015,78
Atlantis,Seafret,1,2015,4,22,3045,6,571386359,43
PUNTO 40,"Baby Rasta, Rauw Alejandro",2,2022,9,22,3006,12,304079786,54
Evoque Prata,"DJ Escobar, MC MENOR SG, MC MENOR HR",3,2022,9,9,852,0,174006928,14
How Do I Say Goodbye,Dean Lewis,1,2022,8,5,2163,15,284785823,72
Blind,SZA,1,2022,12,9,1484,0,163284000,22
Die For You,Joji,1,2022,11,4,1703,0,246390068,38
Doja,Central Cee,1,2022,7,20,4169,44,482257456,57
Gatita,Bellakath,1,2022,10,3,1054,0,168684524,9
Rumble,"Skrillex, Flowdan, Fred again..",3,2022,1,17,2849,0,78489819,39
Niagara Falls (Foot or 2) [with Travis Scott & 21 Savage],"Travis Scott, 21 Savage, Metro Boomin",3,2022,12,2,1602,0,195516622,12
Yonaguni,Bad Bunny,1,2021,6,4,9644,28,1260594497,120
Super Freaky Girl,Nicki Minaj,1,2022,8,12,4827,0,428685680,104
Running Up That Hill (A Deal With God),Kate Bush,1,1985,9,16,21811,0,1024858327,117
Dream On,Aerosmith,1,1973,1,5,168,0,838586769,0
Limbo,Freddie Dredd,1,2022,8,11,688,0,199386237,14
Where Are You Now,"Lost Frequencies, Calum Scott",2,2021,7,30,10565,44,972509632,238
WORTH NOTHING,"Twisted, Oliver Tree",2,2022,9,28,1612,0,213438580,34
Bad Habits,Ed Sheeran,1,2020,9,3,12755,8,1555511105,344
KICK BACK,Kenshi Yonezu,1,2022,10,12,574,4,210038833,38
Evergreen (You Didn���t Deserve Me A,Omar Apollo,1,2022,4,8,2499,0,227918678,70
Good Days,SZA,1,2020,12,24,10426,2,826623384,133
Levitating (feat. DaBaby),"Dua Lipa, DaBaby",2,2020,3,27,15894,8,1802514301,198
Woman,Doja Cat,1,2021,6,25,9424,0,1329090101,202
Shut up My Moms Calling - (Sped Up),Hotel Ugly,1,2022,9,14,713,7,181831132,2
Ferrari,"James Hype, Miggy Dela Rosa",2,2022,3,14,7758,28,462791599,173
"You're On Your Own, Kid",Taylor Swift,1,2022,10,21,2537,2,348647203,8
"Kesariya (From ""Brahmastra"")","Pritam, Arijit Singh, Amitabh Bhattacharya",3,2022,7,17,292,6,366599607,26
Agudo M��gi,"Styrx, utku INC, Thezth",3,1930,1,1,323,0,90598517,4
Payphone,"Maroon 5, Wiz Khalifa",2,2012,1,1,14143,4,1479264469,56
All I Want for Christmas Is You,Mariah Carey,1,1994,10,28,25653,0,1449779435,387
Last Christmas,Wham!,1,1984,1,1,22153,0,1159176109,274
Rockin' Around The Christmas Tree,Brenda Lee,1,1958,1,1,14994,0,769213520,191
Jingle Bell Rock,Bobby Helms,1,1957,1,1,10326,0,741301563,165
It's Beginning To Look A Lot Like Christmas,Michael Bubl�,1,2011,10,14,12353,0,807561936,35
Santa Tell Me,Ariana Grande,1,2013,12,13,9408,0,834129063,231
It's the Most Wonderful Time of the Year,Andy Williams,1,1963,10,14,8879,0,663832097,182
Let It Snow! Let It Snow! Let It Snow!,Dean Martin,1,1959,11,16,6512,0,446390129,88
Snowman,Sia,1,2017,1,1,5140,0,690104769,85
Underneath the Tree,Kelly Clarkson,1,2013,10,25,6596,0,485285717,144
Feliz Navidad,Jos�� Felic,1,1970,11,1,3788,0,520034544,21
Holly Jolly Christmas,Michael Bubl�,1,2011,10,14,7655,0,476244795,5
Mistletoe,Justin Bieber,1,2011,1,1,9577,0,629173063,195
Sleigh Ride,The Ronettes,1,1963,11,22,10114,0,404664135,114
Seek & Destroy,SZA,1,2022,12,9,1007,0,98709329,5
Love Language,SZA,1,2022,12,9,1127,0,110849052,16
Happy Xmas (War Is Over),"John Lennon, The Harlem Community Choir, The Plastic Ono Band, Yoko Ono",4,1971,12,1,10829,0,460492795,130
Used (feat. Don Toliver),"SZA, Don Toliver",2,2022,12,8,1042,0,94005786,7
A Holly Jolly Christmas - Single Version,Burl Ives,1,1952,1,1,7930,0,395591396,108
The Christmas Song (Merry Christmas To You) - Remastered 1999,Nat King Cole,1,1946,11,1,11500,0,389771964,140
Wonderful Christmastime - Edited Version / Remastered 2011,Paul McCartney,1,1979,11,16,1685,0,403939487,1
Do They Know It's Christmas? - 1984 Version,Band Aid,1,1984,11,25,14169,0,481697415,209
Ghost in the Machine (feat. Phoebe Bridgers),"SZA, Phoebe Bridgers",2,2022,12,9,1634,0,110073250,16
Special,SZA,1,2022,12,9,906,0,88092256,6
Merry Christmas Everyone,Shakin' Stevens,1,1984,1,1,1087,0,351636786,90
Let It Snow! Let It Snow! Let It Snow!,"Frank Sinatra, B. Swanson Quartet",2,1950,1,1,10585,0,473248298,126
SOS,SZA,1,2022,12,9,827,0,73981293,6
Open Arms (feat. Travis Scott),"SZA, Travis Scott",2,2022,12,8,1420,4,155653938,13
White Christmas,"Bing Crosby, John Scott Trotter & His Orchestra, Ken Darby Singers",3,1942,1,1,11940,0,395591396,73
Driving Home for Christmas - 2019 Remaster,Chris Rea,1,1986,1,1,888,0,429504768,50
Christmas (Baby Please Come Home),Darlene Love,1,1963,11,22,9122,0,242767149,121
Gone Girl,SZA,1,2022,12,9,892,0,65362788,3
F2F,SZA,1,2022,12,9,989,0,67540165,5
Notice Me,SZA,1,2022,12,9,819,0,62019074,14
Merry Christmas,"Ed Sheeran, Elton John",2,2017,11,10,2209,0,135723538,72
It's Beginning to Look a Lot Like Christmas (with Mitchell Ayres & His Orchestra),"Perry Como, The Fontane Sisters, Mitchell Ayres & His Orchestra",3,1958,1,1,6290,0,295998468,89
My Only Wish (This Year),Britney Spears,1,2000,11,7,6952,0,261116938,115
Antidepresan,"Mabel Matiz, Mert Demir",2,2022,11,4,313,2,136689549,10
Wild Flower (with youjeen),RM,1,2022,12,2,353,2,135611421,2
I Hate U,SZA,1,2021,12,3,4094,0,356709897,66
Raindrops (Insane) [with Travis Scott],"Travis Scott, Metro Boomin",2,2022,12,2,880,0,110649992,3
SPIT IN MY FACE!,ThxSoMch,1,2022,10,31,573,0,301869854,1
Deck The Hall - Remastered 1999,Nat King Cole,1,1959,1,1,3299,0,127027715,65
Smoking on my Ex Pack,SZA,1,2022,12,9,811,0,57144458,6
Conceited,SZA,1,2022,12,9,899,0,56870689,2
Snow On The Beach (feat. Lana Del Rey),"Taylor Swift, Lana Del Rey",2,2022,10,21,2415,0,323437194,33
Maroon,Taylor Swift,1,2022,10,21,2304,0,317726339,12
Tubar��o Te,"Dj LK da Esc��cia, Tchakabum, mc jhenny, M",4,2022,9,28,1003,0,116144341,21
Bejeweled,Taylor Swift,1,2022,10,21,2699,0,328207708,39
Tarot,"Bad Bunny, Jhay Cortez",2,2022,5,6,2482,20,608228647,27
You Make It Feel Like Christmas (feat. Blake Shelton),"Gwen Stefani, Blake Shelton",2,2005,9,20,2577,0,180577478,108
Desesperados,"Chencho Corleone, Rauw Alejandro",2,2021,6,25,6821,34,809306935,83
Too Late,SZA,1,2022,12,8,714,0,49262961,0
Party,"Bad Bunny, Rauw Alejandro",2,2022,5,6,3185,4,614555082,38
Run Rudolph Run - Single Version,Chuck Berry,1,1958,1,1,8612,0,245350949,120
Jingle Bells - Remastered 1999,Frank Sinatra,1,1957,1,1,4326,0,178660459,32
Far,SZA,1,2022,12,9,680,0,51641685,2
On Time (with John Legend),"John Legend, Metro Boomin",2,2022,12,2,398,0,78139948,2
GAT��,"Maldy, Karol G",2,2022,8,25,3328,13,322336177,39
���abcdefu,Gayle,1,2021,8,13,7215,0,1007612429,170
Sacrifice,The Weeknd,1,2022,1,7,4440,0,326792833,81
Is There Someone Else?,The Weeknd,1,2022,1,7,2881,6,391251368,13
Fingers Crossed,"Lauren Spencer Smith, Lauren Spencer Smith, Lauren Spencer Smith",3,2022,1,5,2235,0,349585590,65
Out of Time,The Weeknd,1,2022,1,7,3711,0,339659802,49
Do It To It,"Cherish, ACRAZE",2,2021,8,20,12403,0,674772936,183
We Don't Talk About Bruno,"Adassa, Mauro Castillo, Stephanie Beatriz, Encanto - Cast, Rhenzy Feliz, Diane Guerrero, Carolina Gaitan",7,2021,11,19,2785,0,432719968,95
Pepas,Farruko,1,2021,6,24,14114,17,1309887447,252
How Do I Make You Love Me?,The Weeknd,1,2022,1,7,1915,0,119238316,7
Gasoline,The Weeknd,1,2022,1,7,2297,0,116903579,11
Infinity,Jaymes Young,1,2017,6,23,4375,0,888046992,24
Less Than Zero,The Weeknd,1,2022,1,7,2800,0,200660871,18
Take My Breath,The Weeknd,1,2021,8,6,2597,0,130655803,17
good 4 u,Olivia Rodrigo,1,2021,5,14,15563,6,1887039593,259
"Here We Go��� Again (feat. Tyler, the Cr","The Weeknd, Tyler, The Creator",3,2022,1,7,1420,0,88103848,7
Best Friends,The Weeknd,1,2022,1,7,1292,0,101114984,3
Kiss Me More (feat. SZA),"SZA, Doja Cat",2,2021,4,9,15867,0,1575467011,382
I Heard You're Married (feat. Lil Wayne),"The Weeknd, Lil Wayne",2,2022,1,7,1178,0,91656026,9
Need To Know,Doja Cat,1,2021,6,11,6672,0,1042568408,125
MONTERO (Call Me By Your Name),Lil Nas X,1,2020,9,18,12329,0,1735441776,275
love nwantiti (ah ah ah),Ckay,1,2019,7,26,5669,2,726837877,74
Dawn FM,The Weeknd,1,2022,1,7,811,0,53933526,1
Surface Pressure,Jessica Darrow,1,2021,11,19,1756,0,267758538,38
Starry Eyes,The Weeknd,1,2022,1,7,1014,0,74601456,1
THATS WHAT I WANT,Lil Nas X,1,2021,9,17,7963,0,920797189,173
One Right Now (with The Weeknd),"The Weeknd, Post Malone",2,2021,11,5,4771,0,539595276,68
Beggin,M��ne,1,2017,12,8,8559,0,1367810478,183
Mon Amour - Remix,"Aitana, zzoilo",2,2020,9,21,3221,2,578207856,67
Lo Siento BB:/ (with Bad Bunny & Julieta Venegas),"Julieta Venegas, Bad Bunny, Tainy",3,2021,10,5,3423,26,775542072,61
MONEY,Lisa,1,2021,9,10,2566,13,863625566,44
The Motto,"Ti��sto, Ava",2,2021,11,4,9151,6,656013912,240
Happier Than Ever,Billie Eilish,1,2021,7,30,8476,0,1056760045,138
Moth To A Flame (with The Weeknd),"The Weeknd, Swedish House Mafia",2,2021,10,22,7495,17,611994237,114
traitor,"Juan Cruz Toledo, Huilen Toledo",2,2021,5,21,5257,6,1230855859,85
Toxic,BoyWithUke,1,2021,9,10,1795,0,582981380,34
drivers license,Olivia Rodrigo,1,2021,1,8,12685,3,1858144199,185
Malvad��,"Xam��, Gustah, Neo B",3,2021,11,30,648,1,240684449,14
All Too Well (10 Minute Version) (Taylor's Version) (From The Vault),Taylor Swift,1,2021,11,12,4635,5,583687007,50
Don���t Break My,The Weeknd,1,2022,1,7,1184,0,63803529,1
Oh My God,Adele,1,2021,11,19,4431,0,466214729,105
Entre Nosotros (Remix) [con Nicki Nicole],"Lit Killah, Maria Becerra, Tiago pzk, NICKI NICOLE",4,2022,1,5,759,3,236940480,32
A Tale By Quincy,The Weeknd,1,2022,1,7,733,0,41924466,0
I AM WOMAN,Emmy Meli,1,2021,11,18,2795,0,225259194,45
Medallo,"Justin Quiles, Lenny Tav��rez, BL",3,2021,10,27,2780,2,393230256,54
It'll Be Okay,Shawn Mendes,1,2021,12,1,1950,0,287201015,56
Softcore,The Neighbourhood,1,2018,3,9,3947,12,599770206,33
Super Gremlin,Kodak Black,1,2021,10,30,2551,0,342779426,52
Volv�,"Aventura, Bad Bunny",2,2021,8,3,5375,10,673801126,138
Todo De Ti,Rauw Alejandro,1,2020,11,2,11975,8,1168642797,188
Love Nwantiti - Remix,"Ckay, AX'EL, Dj Yo!",3,2019,8,30,2696,0,540539717,42
Smokin Out The Window,"Bruno Mars, Anderson .Paak, Silk Sonic",3,2021,11,5,4963,0,383550148,63
Meet Me At Our Spot,"THE ANXIETY, Willow, Tyler Cole",3,2020,3,13,6734,0,530511203,47
Every Angel is Terrifying,The Weeknd,1,2022,1,7,715,0,37307967,0
Tacones Rojos,Sebastian Yatra,1,2021,10,22,3047,9,510876816,77
Peaches (feat. Daniel Caesar & Giveon),"Justin Bieber, Daniel Caesar, Giveon",3,2021,3,19,14140,0,1445941661,231
Dakiti,"Bad Bunny, Jhay Cortez",2,2020,10,30,11215,21,1763363713,189
"Tiago PZK: Bzrp Music Sessions, Vol. 48","Bizarrap, Tiago pzk",2,2021,12,29,1678,12,374191487,20
L���,Stromae,1,2022,1,9,2035,0,108809090,41
Nost��l,"Chris Brown, Rvssian, Rauw Alejandro",3,2021,9,8,2780,2,436695353,86
Better Days (NEIKED x Mae Muller x Polo G),"NEIKED, Mae Muller, Polo G",3,2021,9,24,4091,0,421040617,105
Life Goes On,Oliver Tree,1,2020,7,17,2868,0,501541661,43
Sad Girlz Luv Money Remix (feat. Kali Uchis),"Kali Uchis, Amaarae, Moliy",3,2021,9,16,3643,0,354065229,69
Butter,BTS,1,2021,5,21,4779,6,1143647827,180
pushin P (feat. Young Thug),"Young Thug, Future, Gunna",3,2022,1,7,3517,0,311395144,54
You Right,"Doja Cat, The Weeknd",2,2021,6,24,5073,0,672656250,83
deja vu,Olivia Rodrigo,1,2021,4,1,7545,4,1256880657,117
Dynamite,BTS,1,2020,8,21,8528,5,1692897992,239
TO THE MOON,Jnr Choi,1,2021,11,5,2979,0,245095641,44
Lost in the Fire,"The Weeknd, Gesaffelstein",2,2019,1,11,7731,2,686734357,110
Salimo de Noche,"Trueno, Tiago pzk",2,2021,10,21,1057,0,261414174,17
Volando - Remix,"Sech, Bad Bunny, Mora",3,2021,7,8,3272,19,610045621,101
Leave The Door Open,"Bruno Mars, Anderson .Paak, Silk Sonic",3,2021,3,5,14417,0,1115880852,237
Knife Talk (with 21 Savage ft. Project Pat),"Drake, Project Pat, 21 Savage",3,2021,9,3,5199,0,594482982,45
Don't Be Shy,"Ti��sto, Kar",2,2021,8,1,6026,0,566954746,171
Love Grows (Where My Rosemary Goes),Edison Lighthouse,1,1970,1,1,2877,0,BPM110KeyAModeMajorDanceability53Valence75Energy69Acousticness7Instrumentalness0Liveness17Speechiness3,16
LA FAMA (with The Weeknd),"The Weeknd, ROSAL�",2,2021,11,11,4640,3,374706940,81
The Family Madrigal,"Olga Merediz, Stephanie Beatriz, Encanto - Cast",3,2021,11,19,1150,0,184937148,20
Phantom Regret by Jim,The Weeknd,1,2022,1,7,768,0,31959571,1
Dos Oruguitas,Sebastian Yatra,1,2021,11,19,925,0,167076418,24
Freaks,Surf Curse,1,2015,5,10,3006,3,824420218,23
Acapulco,Jason Derulo,1,2021,9,1,3098,0,363467642,111
Daddy Issues,The Neighbourhood,1,2015,10,30,9771,4,1127468248,42
thought i was playing,"21 Savage, Gunna",2,2022,1,7,807,0,60680939,3
ELEVEN,IVE,1,2021,12,1,521,1,247737946,17
Mood (feat. Iann Dior),"24kgoldn, Iann Dior",2,2020,7,24,12854,0,1699402402,237
What Else Can I Do?,"Stephanie Beatriz, Diane Guerrero",2,2021,11,19,802,0,154797871,13
DANCE CRIP,Trueno,1,2021,11,17,731,0,198883004,14
Miserable Man,David Kushner,1,2022,1,7,788,0,124407432,13
happier,Olivia Rodrigo,1,2021,5,21,3069,4,850608354,25
Praise God,Kanye West,1,2021,8,29,4651,0,376333030,24
Get Into It (Yuh),Doja Cat,1,2021,6,25,4999,0,516784627,43
Before You Go,Lewis Capaldi,1,2019,11,1,8327,24,1608045237,205
Sky,Playboi Carti,1,2020,12,25,3297,3,506778838,25
Rolling in the Deep,Adele,1,2010,11,29,35684,6,1472799873,195
Sobrio,Maluma,1,2021,7,8,3506,10,513643924,103
Peru,"Ed Sheeran, Fireboy DML",2,2021,12,23,2999,0,261286503,60
favorite crime,Olivia Rodrigo,1,2021,5,21,3681,0,783706581,20
Thunder,"Prezioso, Gabry Ponte, LUM!X",3,2021,5,7,4846,10,422691058,54
The Business,Ti��,1,2020,1,1,14311,0,1062345656,255
positions,Ariana Grande,1,2020,10,23,8207,0,1252563873,175
I WANNA BE YOUR SLAVE,M��ne,1,2021,3,19,4873,0,851070493,65
Vai L�� Em Casa ,"Mar��lia Mendon��a, George Henrique &",2,2021,10,22,772,0,263894529,7
The Feels,TWICE,1,2021,10,1,1150,0,345903614,20
HEARTBREAK ANNIVERSARY,Giveon,1,2020,2,21,5398,4,951637566,111
No Lie,"Sean Paul, Dua Lipa",2,2016,11,18,7370,0,956865266,92
OUT OUT (feat. Charli XCX & Saweetie),"Charli XCX, Jax Jones, Joel Corry, Saweetie",4,2021,8,13,6890,0,427486004,122
Pope Is a Rockstar,SALES,1,2016,4,20,1966,0,156658366,4
2055,Sleepy hallow,1,2021,4,14,2226,0,624515457,29
Bored,Billie Eilish,1,2017,3,30,4204,0,777765388,39
Happier Than Ever - Edit,Billie Eilish,1,2021,7,28,1959,0,412795151,19
Astronaut In The Ocean,Masked Wolf,1,2019,1,1,7191,0,1138474110,146
Ley Seca,"Anuel Aa, Jhay Cortez",2,2021,9,2,2012,0,355219175,101
Every Summertime,NIKI,1,2021,8,10,1211,2,290228626,30
Talking To The Moon,Bruno Mars,1,2010,10,4,7109,2,1062956628,5
you broke me first,Tate McRae,1,2020,4,17,6638,0,1180094974,167
The Nights,Avicii,1,2014,1,1,17354,8,1456081449,92
Take My Breath,The Weeknd,1,2021,8,6,6392,0,432702334,174
Way 2 Sexy (with Future & Young Thug),"Drake, Future, Young Thug",3,2021,9,3,5481,0,489945871,144
C��,Rauw Alejandro,1,2021,6,25,2636,3,465959382,36
Enemy - from the series Arcane League of Legends,"Imagine Dragons, League of Legends, Arcane",3,2021,10,27,824,0,1223481149,8
Dance Monkey,Tones and I,1,2019,5,10,24529,0,2864791672,533
Lucid Dreams,Juice WRLD,1,2017,6,15,14749,0,2288695111,188
Qu�� M��,"J Balvin, Maria Becerra",2,2021,1,28,8087,0,720825549,92
All of Me,John Legend,1,2013,8,1,27221,0,2086124197,308
Smells Like Teen Spirit - Remastered 2021,Nirvana,1,1991,9,10,49991,9,1690192927,265
Arcade,Duncan Laurence,1,2019,3,7,6646,0,991336132,107
Fair Trade (with Travis Scott),"Drake, Travis Scott",2,2021,9,3,5403,6,593917618,118
Bar,"Tini, L-Gante",2,2021,11,11,755,4,200972675,22
The Rumbling (TV Size),SiM,1,2022,1,10,254,0,71014967,0
family ties (with Kendrick Lamar),"Kendrick Lamar, Baby Keem",2,2021,8,27,6308,5,560222750,114
Mr. Brightside,The Killers,1,2003,9,23,51979,15,1806617704,306
Blessed-Cursed,ENHYPEN,1,2022,1,10,246,0,77337771,2
AM Remix,"J Balvin, Nio Garcia, Bad Bunny",3,2021,6,24,6556,0,528544703,93
Streets,Doja Cat,1,2019,11,7,5728,0,865640097,85
Shallow,"Lady Gaga, Bradley Cooper",2,2018,9,27,16636,12,2159346687,368
Polaroid Love,ENHYPEN,1,2022,1,10,461,0,211372494,10
Leave Before You Love Me (with Jonas Brothers),"Marshmello, Jonas Brothers",2,2021,4,28,4893,4,651732901,143
Permission to Dance,BTS,1,2021,7,9,1801,2,608334048,77
Friday (feat. Mufasa & Hypeman) - Dopamine Re-Edit,"Riton, Nightcrawlers, Mufasa & Hypeman, Dopamine",4,2021,1,15,12043,0,863756573,209
RAPSTAR,Polo G,1,2021,4,9,4731,0,797402345,141
'Till I Collapse,"Eminem, Nate Dogg",2,2002,5,26,22923,0,1695712020,78
Memories,Maroon 5,1,2019,9,20,9974,2,1759567999,272
Se Le Ve,"Arcangel, De La Ghetto, Justin Quiles, Lenny Tav��rez, Sech, Dalex, Dimelo Flow, Rich Music",8,2021,8,12,1560,0,223319934,72
25k jacket (feat. Lil Baby),"Gunna, Lil Baby",2,2022,1,7,620,0,54937991,17
When I���m Gone (with Katy ,"Katy Perry, Alesso",2,2021,12,29,3270,0,226897599,89
Esque��a-Me Se For C,"Mar��lia Mendon��a, Maiara &",2,2021,10,14,580,0,258316038,24
Mi��n,"Tini, Maria Becerra",2,2021,4,29,3406,16,596152090,61
S��,"Anuel Aa, Myke Towers, Jhay Cortez",3,2021,11,18,903,0,177129919,30
MAMIII,"Karol G, Becky G",2,2022,2,10,6809,28,716591492,151
Still D.R.E.,"Dr. Dre, Snoop Dogg",2,1999,1,1,33966,0,1210599487,141
Stay Alive (Prod. SUGA of BTS),Jung Kook,1,2022,2,11,590,5,246376690,4
Boyfriend,Dove Cameron,1,2022,2,11,3766,0,496311364,76
The Joker And The Queen (feat. Taylor Swift),"Ed Sheeran, Taylor Swift",2,2022,2,11,1430,0,146789379,46
The Next Episode,"Dr. Dre, Snoop Dogg",2,1999,1,1,31762,0,843309044,142
Light Switch,Charlie Puth,1,2022,1,19,4049,0,500340342,119
City of Gods,"Kanye West, Alicia Keys, Fivio Foreign",3,2022,2,11,2096,0,107255472,34
Brividi,"Mahmood, Blanco",2,2022,2,2,1175,0,135079152,34
Lost,Frank Ocean,1,2012,1,1,29499,11,822239726,124
In Da Club,50 Cent,1,2002,1,1,30427,7,1202722675,235
she's all i wanna be,Tate McRae,1,2022,2,4,2711,0,343197054,105
Ginseng Strip 2002,Yung Lean,1,2013,8,16,4310,0,240769997,13
All For Us - from the HBO Original Series Euphoria,"Labrinth, Zendaya",2,2019,8,4,5342,0,426204830,33
Notion,The Rare Occasions,1,2016,8,5,2393,0,421135627,22
Formula,Labrinth,1,2019,10,4,3444,7,554875730,24
Mount Everest,Labrinth,1,2019,6,21,5443,0,467727006,45
Excuses,"Intense, AP Dhillon, Gurinder Gill",3,2020,7,24,272,4,327498031,7
Cigarettes,Juice WRLD,1,2021,12,10,975,0,185408548,11
"Cay�� La Noche (feat. Cruz Cafun��, Abhir Hathi, Bejo, EL IMA)","Quevedo, La Pantera, Juseph, Cruz Cafun��, B��jo, Abhir Hathi",7,2022,1,14,1034,1,245400167,19
California Love - Original Version (Explicit),"Dr. Dre, 2Pac, Roger",3,1995,12,28,18773,0,579395142,128
Forgot About Dre,"Eminem, Dr. Dre",2,1999,1,1,19067,0,675039469,78
Down Under (feat. Colin Hay),"Luude, Colin Hay",2,2021,11,19,3541,2,252871192,57
Mujeriego,Ryan Castro,1,2021,12,17,1492,0,231996128,44
HUMBLE.,Kendrick Lamar,1,2017,3,30,33206,1,1929770265,284
Stan,"Eminem, Dido",2,1999,11,21,17115,0,918915401,83
Contection,"GODZZ__-, Zakaria",2,2020,1,16,6955,0,1180896317,65
Swim,Chase Atlantic,1,2017,10,4,2742,0,498960285,5
A Tu Merced,Bad Bunny,1,2020,2,29,4214,11,685071800,21
Numb Little Bug,Em Beihold,1,2022,1,28,2026,0,258714692,47
212,"Mainstreet, Chefin",2,2022,1,15,352,0,143139338,10
Problem�,"Alvaro Diaz, Rauw Alejandro",2,2021,10,22,1517,0,209768491,42
Bussin,"Nicki Minaj, Lil Baby",2,2022,2,11,847,0,64714573,25
Worst Day,Future,1,2022,2,11,910,0,50746620,20
Malvada,Z�� Fe,1,2022,1,28,601,0,154119539,28
Hrs and Hrs,Muni Long,1,2021,11,19,1800,0,181328253,43
Alien Blues,Vundabar,1,2015,7,24,1930,0,370068639,3
Thinking Out Loud,Ed Sheeran,1,2014,1,1,33032,0,2280566092,363
Still Don't Know My Name,Labrinth,1,2019,10,4,6332,0,563902868,47
Christmas Tree,V,1,2021,12,24,509,9,317622165,8
Mal Feito - Ao Vivo,"Mar��lia Mendon��a, Hugo & G",2,2022,1,14,971,2,291709698,35
When I R.I.P.,Labrinth,1,2019,10,4,2578,0,203680270,8
Do We Have A Problem?,"Nicki Minaj, Lil Baby",2,2022,2,4,1064,0,81350745,42
Forever,Labrinth,1,2019,10,4,3618,0,282883169,21
Gospel (with Eminem),"Eminem, Dr. Dre",2,2022,2,4,1040,0,64787943,8
Se��o,"Shawn Mendes, Camila Cabello",2,2019,6,19,15010,2,2484812918,453
NEW MAGIC WAND,"Tyler, The Creator",2,2019,5,16,4708,0,461437791,13
Adore You,Harry Styles,1,2019,12,6,13454,1,1439191367,246
La Santa,"Daddy Yankee, Bad Bunny",2,2020,2,29,4890,20,759208783,52
Something In The Way - Remastered 2021,Nirvana,1,1991,9,24,9514,0,368646862,45
Sweetest Pie,"Dua Lipa, Megan Thee Stallion",2,2022,3,11,3501,0,299634472,69
Bam Bam (feat. Ed Sheeran),"Camila Cabello, Ed Sheeran",2,2022,3,4,6111,4,756907987,185
Una Noche en Medell�,Cris Mj,1,2022,1,21,5415,32,682475162,46
Envolver,Anitta,1,2021,11,11,4673,2,546191065,123
Starlight,Dave,1,2022,3,3,1856,3,229473310,29
Hati-Hati di Jalan,Tulus,1,2022,3,3,200,2,202677468,12
"I'm Tired - From ""Euphoria"" An Original HBO Series",Labrinth,1,2022,2,4,1888,0,121913181,26
DAN��A,"Mc Pedrinho, Pedro Sampaio",2,2022,2,1,911,2,208166039,45
Yo Voy (feat. Daddy Yankee),Zion & Lennox,1,2004,5,4,2954,2,527033089,18
"Residente: Bzrp Music Sessions, Vol. 49","Residente, Bizarrap",2,2022,3,3,461,0,94616487,7
Jordan,Ryan Castro,1,2021,4,30,2844,2,394030335,29
Nail Tech,Jack Harlow,1,2022,2,18,2939,0,193443895,42
Chale,Eden Mu��,1,2022,2,18,695,11,299648208,16
DARARI,Treasure,1,2022,2,15,328,0,182978249,10
Ya No Somos Ni Seremos,Christian Nodal,1,2022,2,18,866,16,319757142,27
Thinking with My Dick,"Kevin Gates, Juicy J",2,2013,7,16,1550,0,109091573,0
Freaky Deaky,"Tyga, Doja Cat",2,2022,2,25,1729,0,153240879,26
this is what falling in love feels like,JVKE,1,2021,9,3,2005,0,346127840,16
La Zona,Bad Bunny,1,2020,2,29,1188,0,312622938,13
Bohemian Rhapsody - Remastered 2011,Queen,1,1975,10,31,40112,3,2197010679,321
Hope,XXXTENTACION,1,2018,3,16,3659,0,1200808494,11
Levitating,Dua Lipa,1,2020,3,27,9833,0,797196073,233
Wake Me Up - Radio Edit,Avicii,1,2013,1,1,50887,34,1970673297,315
"jealousy, jealousy",Olivia Rodrigo,1,2021,5,21,3257,0,665765558,10
Mon��y so,YEAT,1,2021,9,10,1473,0,263779030,2
Demasiadas Mujeres,C. Tangana,1,2020,10,8,2226,0,339473453,36
Something Just Like This,"The Chainsmokers, Coldplay",2,2017,2,22,23375,21,2204080728,336
Closer,"The Chainsmokers, Halsey",2,2016,5,31,28032,0,2591224264,315
O.O,NMIXX,1,2022,2,22,290,0,135444283,9
Somebody That I Used To Know,"Gotye, Kimbra",2,2011,1,1,42798,0,1457139296,217
Tom's Diner,"AnnenMayKantereit, Giant Rooks",2,2019,6,28,2605,0,236872197,15
First Class,Jack Harlow,1,2022,4,8,8737,0,694525298,163
Plan A,Paulo Londra,1,2022,3,23,1105,0,240661097,32
Fuera del mercado,Danny Ocean,1,2022,2,17,2499,21,421365166,68
X ��LTIMA,"Daddy Yankee, Bad Bunny",2,2022,3,25,2697,1,349746291,55
When You're Gone,Shawn Mendes,1,2022,3,31,2092,0,255120451,75
In My Head,Lil Tjay,1,2022,4,1,1185,0,190981339,21
Wait a Minute!,Willow,1,2015,1,11,11985,0,924193303,79
LOVE DIVE,IVE,1,2022,4,5,753,8,305771063,28
Pantysito,"Feid, Alejo, Robi",3,2022,3,18,2995,0,273005485,49
Chance,Paulo Londra,1,2022,4,6,225,0,89566512,11
Cool for the Summer,Demi Lovato,1,2015,1,1,9243,0,677389855,155
psychofreak (feat. WILLOW),"Camila Cabello, Willow",2,2022,4,7,918,0,75476209,24
Angel Baby,Troye Sivan,1,2021,9,9,1959,9,408843328,52
Vampiro,"Matu��, Wiu, ",3,2022,1,30,540,4,187772591,26
Si Quieren Frontear,"De La Ghetto, Duki, Quevedo",3,2022,3,31,859,0,178512385,14
Right On,Lil Baby,1,2022,4,8,1116,0,101780047,31
Me Arrepent�,"Ak4:20, Cris Mj, Pailita",3,2022,3,30,273,2,118381354,12
That's Hilarious,Charlie Puth,1,2022,4,8,686,2,146363130,11
Soy El Unico,Yahritza Y Su Esencia,1,2022,3,25,226,0,126443991,5
RUMBAT�,Daddy Yankee,1,2022,3,25,1264,0,157990698,20
sentaDONA (Remix) s2,"Lu��sa Sonza, MC Frog, Dj Gabriel do Borel, Davi K",4,2022,3,17,870,0,176290831,32
Falling,Harry Styles,1,2019,12,13,7556,0,1023187129,124
Sigue,"Ed Sheeran, J Balvin",2,1996,11,24,1370,0,106933107,46
Fim de Semana no Rio,teto,1,2022,3,30,315,2,139193812,27
MANIAC,Stray Kids,1,2022,3,18,651,0,212234990,6
There's Nothing Holdin' Me Back,Shawn Mendes,1,2016,9,23,12382,0,1714490998,229
IDGAF (with blackbear),"Blackbear, BoyWithUke",2,2022,3,18,625,0,197643795,10
Golden,Harry Styles,1,2019,12,13,8429,1,807015863,85
Get Lucky - Radio Edit,"Pharrell Williams, Nile Rodgers, Daft Punk",3,2013,1,1,52898,0,933815613,203
Ain't Shit,Doja Cat,1,2021,6,25,3436,0,499710590,32
"Nobody Like U - From ""Turning Red""","Jordan Fisher, Josh Levi, Finneas O'Connell, 4*TOWN (From Disney and Pixar���s Turning Red), Topher Ngo, Grayson Vill",6,2022,2,25,918,0,120847157,34
Still Life,BIGBANG,1,2022,4,5,181,0,53909146,16
Photograph,Ed Sheeran,1,2014,6,20,18778,3,2236667932,228
Love Yourself,Justin Bieber,1,2015,11,9,22730,5,2123309722,289
N95,Kendrick Lamar,1,2022,5,13,5542,0,301242089,52
About Damn Time,Lizzo,1,2022,4,14,9021,0,723894473,242
Die Hard,"Kendrick Lamar, Blxst, Amanda Reifer",3,2022,5,13,4627,0,237351106,38
Despu��s de la P,Bad Bunny,1,2022,5,6,2229,0,461558540,27
Un Ratito,Bad Bunny,1,2022,5,6,1112,6,417230415,7
United In Grief,Kendrick Lamar,1,2022,5,13,2575,0,156898322,4
Father Time (feat. Sampha),"Kendrick Lamar, Sampha",2,2022,5,13,3107,0,127309180,4
Yo No Soy Celoso,Bad Bunny,1,2022,5,6,1179,0,313113297,7
Rich Spirit,Kendrick Lamar,1,2022,5,13,3486,0,173702135,20
Cooped Up (with Roddy Ricch),"Post Malone, Roddy Ricch",2,2022,5,12,2942,0,271666301,42
Me Fui de Vacaciones,Bad Bunny,1,2022,5,6,1443,0,305650299,9
Silent Hill,"Kendrick Lamar, Kodak Black",2,2022,5,13,3028,0,123216717,22
La Corriente,"Tony Dize, Bad Bunny",2,2022,5,6,1796,8,479655659,8
Count Me Out,Kendrick Lamar,1,2022,5,13,2729,0,126191104,3
Andrea,"Buscabulla, Bad Bunny",2,2022,5,6,1195,0,344055883,8
Dos Mil 16,Bad Bunny,1,2022,5,6,892,3,338422004,10
We Cry Together,"Kendrick Lamar, Taylour Paige",2,2022,5,13,1635,0,68895644,4
Savior,"Kendrick Lamar, Sam Dew, Baby Keem",3,2022,5,13,2291,0,86176890,9
Un Coco,Bad Bunny,1,2022,5,6,1029,28,403231558,5
Otro Atardecer,"Bad Bunny, The Mar��",2,2022,5,6,1681,7,319546754,10
Worldwide Steppers,Kendrick Lamar,1,2022,5,13,1480,0,61739839,1
Aguacero,Bad Bunny,1,2022,5,6,829,0,283359161,4
Purple Hearts,"Kendrick Lamar, Ghostface Killah, Summer Walker",3,2022,5,13,2308,0,76831876,7
Un Verano Sin Ti,Bad Bunny,1,2022,5,6,1004,1,283332261,8
ULTRA SOLO,"Polima WestCoast, Pailita",2,2022,2,14,1367,0,307752576,48
Ens����ame ,Bad Bunny,1,2022,5,6,1112,3,279737940,7
El Apag�,Bad Bunny,1,2022,5,6,1209,0,212351890,9
Callaita,"Bad Bunny, Tainy",2,2019,5,31,9539,15,1304313953,162
Dua Lipa,Jack Harlow,1,2022,5,6,1992,0,150500965,35
Agosto,Bad Bunny,1,2022,5,6,897,0,246127838,6
House Of Memories,Panic! At The Disco,1,2016,1,15,2948,0,582863434,10
Mr. Morale,"Kendrick Lamar, Tanna Leone",2,2022,5,13,1860,0,58687425,1
That That (prod. & feat. SUGA of BTS),"PSY, Suga",2,2022,4,29,802,0,212109195,16
In The Stars,Benson Boone,1,2022,4,29,2224,8,382199619,48
Rich - Interlude,Kendrick Lamar,1,2022,5,13,1103,0,41210087,0
SUPERMODEL,M��ne,1,2022,5,13,2265,0,231657891,93
Stefania (Kalush Orchestra),KALUSH,1,2022,3,10,555,0,53729194,10
Thousand Miles,The Kid Laroi,1,2022,4,22,2050,0,244741137,52
Crown,Kendrick Lamar,1,2022,5,13,1493,0,42485571,2
Auntie Diaries,Kendrick Lamar,1,2022,5,13,1545,0,37778188,1
PUFFIN ON ZOOTIEZ,Future,1,2022,4,29,2350,0,254218729,28
Mirror,Kendrick Lamar,1,2022,5,13,1929,0,53603447,2
Beautiful Girl,Luciano,1,2022,4,22,710,4,160035717,16
"Paulo Londra: Bzrp Music Sessions, Vol. 23","Bizarrap, Paulo Londra",2,2022,4,25,928,0,164163229,19
Savior - Interlude,Kendrick Lamar,1,2022,5,13,1194,0,37091576,0
Pasoori,"Shae Gill, Ali Sethi",2,2022,2,6,349,6,284249832,10
Mother I Sober (feat. Beth Gibbons of Portishead),"Kendrick Lamar, Beth Gibbons",2,2022,5,13,1890,0,33381454,3
TUS L��GR,"Sech, Mora",2,2022,4,1,1308,2,184622518,23
Where Did You Go?,"MNEK, Jax Jones",2,2022,1,26,4531,0,300983101,135
I Tried to Tell Y'all,"Ugly Dray, Tesla Jnr",2,2022,5,6,1657,0,121077868,15
Honest (feat. Don Toliver),"Justin Bieber, Don Toliver",2,2022,4,29,1351,0,106919680,26
ZOOM,Jessi,1,2022,4,13,608,0,136996305,5
SloMo,Chanel,1,2021,12,24,1211,0,65719930,31
FEARLESS,LE SSERAFIM,1,2022,5,2,629,0,229497852,18
10 Things I Hate About You,Leah Kate,1,2022,3,23,1301,0,185550869,23
SPACE MAN,Sam Ryder,1,2022,2,22,1329,0,54682594,42
With you,"HA SUNG WOON, Jimin",2,2022,4,24,343,2,240580042,4
Iris,The Goo Goo Dolls,1,1998,3,31,13101,9,1284942608,137
The Heart Part 5,Kendrick Lamar,1,2022,5,8,2939,0,71423324,29
San Lucas,Kevin Kaarl,1,2019,11,7,407,1,244891912,5
This Love (Taylor���s Ve,Taylor Swift,1,2022,5,6,1492,0,132171975,26
Good Looking,Suki Waterhouse,1,2017,10,20,2264,0,184706613,11
Flowers,Lauren Spencer Smith,1,2021,8,9,801,0,184826429,42
Yet To Come,BTS,1,2022,6,10,829,0,302006641,32
Run BTS,BTS,1,2022,6,10,736,0,330881149,5
Music For a Sushi Restaurant,Harry Styles,1,2022,5,20,4449,1,334733572,80
Matilda,Harry Styles,1,2022,5,20,3218,3,366214458,29
For Youth,BTS,1,2022,6,10,327,0,114546317,5
Daylight,Harry Styles,1,2022,5,20,2775,0,290833204,21
Vegas (From the Original Motion Picture Soundtrack ELVIS),Doja Cat,1,2022,5,6,4576,0,448500832,79
Cash In Cash Out,"Pharrell Williams, Tyler, The Creator, 21 Savage",4,2022,6,10,2313,0,136676504,34
Potion (with Dua Lipa & Young Thug),"Calvin Harris, Dua Lipa, Young Thug",3,2022,5,27,3983,0,190625045,73
Born Singer,BTS,1,2022,6,10,279,0,79095270,0
Little Freak,Harry Styles,1,2022,5,20,2302,0,273194684,20
La Llevo Al Cielo (Ft. ��engo F,"Nengo Flow, Anuel Aa, Chris Jedi, Chencho Corleone",4,2022,5,20,3559,3,333146475,36
True Love,"Kanye West, XXXTENTACION",2,2022,5,27,2129,0,194902696,23
Satellite,Harry Styles,1,2022,5,20,3291,5,311482393,43
Pass The Dutchie,Musical Youth,1,1982,1,1,5328,0,195918494,54
"Villano Antillano: Bzrp Music Sessions, Vol. 51","Bizarrap, Villano Antillano",2,2022,6,8,1401,0,248511839,26
Love Of My Life,Harry Styles,1,2022,5,20,1933,0,233671263,13
Grapejuice,Harry Styles,1,2022,5,20,1986,0,199587884,7
So Good,Halsey,1,2022,6,9,1057,0,91781263,51
Belly Dancer,"BYOR, Imanbek",2,2022,2,18,5115,13,383835984,109
Keep Driving,Harry Styles,1,2022,5,20,2094,1,236060709,8
Cinema,Harry Styles,1,2022,5,20,2171,0,189236868,18
Die Young (feat. 347aidan),"Sleepy hallow, 347aidan",2,2022,5,25,896,0,160845341,19
Only Love Can Hurt Like This,Paloma Faith,1,2014,1,1,5148,0,588955257,90
Hold My Hand,Lady Gaga,1,2022,5,3,2528,0,238350348,63
Daydreaming,Harry Styles,1,2022,5,20,1900,1,187703102,15
Numb,"Marshmello, Khalid",2,2022,6,10,3879,2,295307001,107
Nos Comemos (feat. Ozuna),"Ozuna, Tiago pzk",2,2022,6,2,896,0,138334433,0
Me and Your Mama,Childish Gambino,1,2016,11,10,8775,0,445590495,33
Crazy What Love Can Do,"David Guetta, Ella Henderson, Becky Hill",3,2022,3,18,5290,0,286739476,139
SLOW DANCING IN THE DARK,Joji,1,2018,9,12,10211,0,1122364376,38
Antes de Perderte,Duki,1,2022,6,2,584,8,157136970,12
Boyfriends,Harry Styles,1,2022,5,20,1517,0,137070925,26
295,Sidhu Moose Wala,1,2021,5,15,246,4,183273246,4
Tak Ingin Usai,Keisya Levronka,1,2022,5,13,220,4,184807630,16
En El Radio Un Cochinero,Victor Cibrian,1,2022,5,13,514,0,164856284,5
Master of Puppets (Remastered),Metallica,1,1986,3,3,6080,0,704171068,112
BREAK MY SOUL,Beyonc�,1,2022,6,21,9724,0,354614964,222
ULTRA SOLO REMIX,"De La Ghetto, Feid, Polima WestCoast, Paloma Mami, Pailita",5,2022,6,16,2341,0,279717388,37
Massive,Drake,1,2022,6,17,5263,0,195628667,66
Betty (Get Money),Yung Gravy,1,2022,6,10,2402,0,221752937,45
Ojos Marrones,Lasso,1,2022,2,6,795,11,263280370,26
POP!,Nayeon,1,2022,6,24,571,0,213505179,19
Layla,"Sch��rze, DJ R",2,2022,3,24,832,3,130419412,18
MORE,j-hope,1,2022,7,1,565,0,155795783,6
Sweet Child O' Mine,Guns N' Roses,1,1987,1,1,41231,1,1553497987,228
Last Last,Burna Boy,1,2022,5,12,4526,12,293466523,156
SNAP,Rosa Linn,1,2022,3,19,1818,0,711366595,3
Sticky,Drake,1,2022,6,17,2814,0,191448892,38
Hot Shit (feat. Ye & Lil Durk),"Kanye West, Lil Durk, Cardi B",3,2022,7,1,1601,0,85924992,11
Ai Preto,"L7nnon, DJ Biel do Furduncinho, Bianca",3,2022,6,3,894,4,176103902,28
La Loto,"Anitta, Tini, Becky G",3,2022,7,6,945,0,121189256,49
die first,Nessa Barrett,1,2022,6,24,767,0,131746175,25
Afraid To Feel,LF System,1,2022,5,2,5898,5,244790012,129
Baile no Morro,"Mc Vitin Da Igrejinha, MC Tairon, DJ Win",3,2022,6,10,685,2,129314708,17
c��mo dormi,Rels B,1,2022,8,4,1452,35,331511413,16
Bad Decisions (with BTS & Snoop Dogg),"Snoop Dogg, BTS, Benny Blanco",3,2022,8,5,1456,0,219196651,53
STAYING ALIVE (feat. Drake & Lil Baby),"Drake, DJ Khaled, Lil Baby",3,2022,8,5,2107,0,170732845,51
Caile,Luar La L,1,2020,12,18,1494,2,273914335,17
Si Te La Encuentras Por Ah�,Feid,1,2022,8,5,1379,4,179061440,23
GIVENCHY,Duki,1,2022,7,20,625,4,185236961,13
ALIEN SUPERSTAR,Beyonc�,1,2022,7,29,2688,0,171788484,39
Mary On A Cross,Ghost,1,2019,9,13,2668,2,387080183,38
Attention,NewJeans,1,2022,8,1,799,12,264717480,14
THE SHADE,Rex Orange County,1,2022,3,11,1189,6,244928911,17
"Come Back Home - From ""Purple Hearts""",Sofia Carson,1,2022,7,12,367,0,97610446,28
El Rescate,"Grupo Marca Registrada, Junior H",2,2022,7,22,527,4,287278853,10
Heartless,Kanye West,1,2008,1,1,17504,34,887906111,63
"Stay With Me (with Justin Timberlake, Halsey, & Pharrell)","Calvin Harris, Halsey, Pharrell Williams, Justin Timberlake",4,2022,7,15,3113,0,123473120,54
Siempre Pendientes,"Peso Pluma, Luis R Conriquez",2,2022,8,15,685,5,295152154,15
JGL,"Luis R Conriquez, La Adictiva",2,2022,2,18,782,9,323455692,15
Don't You Worry,"David Guetta, Shakira, Black Eyed Peas",3,2022,6,16,2442,0,240918092,81
Pipoco,"Melody, Ana Castela, Dj Chris No Beat",3,2022,5,20,1112,4,191873381,22
Hold Me Closer,"Elton John, Britney Spears",2,2017,11,10,4967,0,284216603,165
Forget Me,Lewis Capaldi,1,2022,9,9,2520,4,239411309,93
After LIKE,IVE,1,2022,8,22,767,12,265548837,20
Bound 2,Kanye West,1,2013,1,1,19806,7,703301727,33
B.O.T.A. (Baddest Of Them All) - Edit,"Interplanetary Criminal, Eliza Rose",2,2022,6,15,5153,6,244585109,102
Talk that Talk,TWICE,1,2022,8,26,615,0,189476119,14
BILLIE EILISH.,Armani White,1,2022,1,20,2537,0,277132266,49
Ferxxo 100,Feid,1,2022,6,3,1647,30,278920007,20
KU LO SA - A COLORS SHOW,Oxlade,1,2022,6,10,2019,8,222410722,117
Prohibidox,Feid,1,2022,9,13,1473,12,185392587,25
Static,Steve Lacy,1,2022,7,15,1613,0,202452860,21
The Scientist,Coldplay,1,2002,8,5,30992,6,1608164312,124
Sparks,Coldplay,1,2000,7,10,10826,4,624101957,24
Talk,YEAT,1,2022,9,2,920,0,148461629,10
XQ Te Pones As�,"Yandel, Feid",2,2022,9,13,308,0,47093942,6
Selfish,PnB Rock,1,2016,6,23,2468,0,380319238,15
Sin Se��,"Ovy On The Drums, Quevedo",2,2022,7,22,1097,2,209106362,18
Lady Mi Amor,Feid,1,2022,9,13,330,0,53987404,3
Poland,Lil Yachty,1,2022,6,23,1584,0,115331792,38
THE LONELIEST,M��ne,1,2022,10,7,1585,5,225093344,78
Bye Bye,"Marshmello, Juice WRLD",2,2022,10,14,766,0,84697729,16
BABY OTAKU,"Fran C, Polima WestCoast, Nickoog Clk, Pablito Pesadilla",4,2022,8,18,836,0,159240673,14
Nxde,(G)I-DLE,1,2022,10,17,430,6,170709584,14
Miss You,Southstar,1,1982,5,16,2020,0,154356956,77
we fell in love in october,girl in red,1,2018,11,21,6858,0,723043854,31
2 Be Loved (Am I Ready),Lizzo,1,2022,7,14,3682,6,247689123,41
Celestial,Ed Sheeran,1,2022,9,29,1639,0,176474912,86
Typa Girl,BLACKPINK,1,2022,9,16,452,10,235549288,2
I Really Want to Stay at Your House,"Rosa Walton, Hallie Coggins",2,2020,12,18,668,1,140430339,0
California Breeze,Lil Baby,1,2022,10,14,991,0,85559365,36
Bamba (feat. Aitch & BIA),"Luciano, Aitch, B�",3,2022,9,22,869,7,146223492,14
Casei Com a Putaria,"MC Ryan SP, Love Funk, Mc Paiva ZS",3,2022,7,1,648,4,187701588,0
Major Distribution,"Drake, 21 Savage",2,2022,11,4,1545,0,154863153,22
Pussy & Millions (feat. Travis Scott),"Drake, Travis Scott, 21 Savage",3,2022,11,4,1930,0,191333656,24
Vigilante Shit,Taylor Swift,1,2022,10,21,1948,0,253650850,12
Question...?,Taylor Swift,1,2022,10,21,1608,0,223064273,10
On BS,"Drake, 21 Savage",2,2022,11,4,1338,0,170413877,9
Mastermind,Taylor Swift,1,2022,10,21,1936,0,218320587,7
Circo Loco,"Drake, 21 Savage",2,2022,11,4,1794,0,141720999,26
Labyrinth,Taylor Swift,1,2022,10,21,1597,0,187339835,6
Spin Bout U,"Drake, 21 Savage",2,2022,11,4,1652,2,198365537,26
Sweet Nothing,Taylor Swift,1,2022,10,21,1747,0,186104310,9
"Would've, Could've, Should've",Taylor Swift,1,2022,10,21,1715,0,177503916,4
Con La Brisa,"Ludwig Goransson, Foudeqush",2,2022,11,4,486,0,71095708,8
Privileged Rappers,"Drake, 21 Savage",2,2022,11,4,1007,0,112436403,6
The Astronaut,Jin,1,2022,10,28,481,9,203436468,10
BackOutsideBoyz,Drake,1,2022,11,4,1045,0,93367537,8
Broke Boys,"Drake, 21 Savage",2,2022,11,4,1060,0,106249219,3
The Great War,Taylor Swift,1,2022,10,21,1274,0,181382590,1
My Mind & Me,Selena Gomez,1,2022,11,3,953,0,91473363,61
Bigger Than The Whole Sky,Taylor Swift,1,2022,10,21,1180,0,121871870,4
A Veces (feat. Feid),"Feid, Paulo Londra",2,2022,11,3,573,0,73513683,2
En La De Ella,"Feid, Sech, Jhayco",3,2022,10,20,1320,0,133895612,29
Alone,Burna Boy,1,2022,11,4,782,2,96007391,27
